id,name_en,name_ar,category,subcategory,neighborhood,address_hint,age_min,age_max,price_tier,price_note,indoor_outdoor,ac,stroller,prayer_room,halal,parking,booking,website,instagram,phone_pattern,blurb_en,blurb_ar,honest_note,status,editorial_priority,featured_candidate,source_note
aspire-park,Aspire Park,حديقة أسباير,park,large urban park,Aspire,"Al Waab St, next to Aspire Tower",0,0,free,Free,outdoor,N,Y,Y,Y,Y,walk-in,,,,"Qatar’s largest urban park, with playgrounds, a lake, skate ramps, and long shaded paths. Good at sunrise or after 4pm. The loop is 2.2 km — strollers handle it easily.",قيد المراجعة,Midday in summer is brutal; aim for early morning or after sunset. Weekends get packed near the playground.,verified,1,Y,Qatar Tourism
al-bidda-park,Al Bidda Park,حديقة البدع,park,large urban park,Corniche,"Opposite Corniche, near Diwan",0,0,free,Free,outdoor,N,Y,Y,N,Y,walk-in,,,,"Sprawling park across from the Corniche with several themed play zones, a skate park, outdoor gyms and an amphitheatre. Lots of shade at the north end. Food trucks on Friday evenings.",قيد المراجعة,Weekday mornings are calm. Fridays get very busy near the splash area.,verified,1,Y,editorial seed — verify before publish
mia-park,MIA Park,حديقة متحف الفن الإسلامي,park,waterfront park,Corniche,Museum of Islamic Art waterfront,0,0,free,Free,outdoor,N,Y,Y,Y,Y,walk-in,,,,"A waterfront park with skyline views, gentle slopes for scooters, and a playground at the eastern end. Pair it with the museum cafe for a short outing with under-8s.",قيد المراجعة,Parking fills on weekends; use the museum lot or walk in from the Corniche.,verified,1,Y,editorial seed — verify before publish
oxygen-park,Oxygen Park,حديقة الأكسجين,park,running & playground,Education City,"Education City, near QF HQ",0,0,free,Free,outdoor,N,Y,Y,Y,Y,walk-in,,,,"Designed as a running and walking park with long, shaded undulating paths. The playground near the east gate works well for ages 3–9. Breezy even in hotter months.",قيد المراجعة,Play equipment can get hot mid-afternoon; pick morning or evening.,verified,2,Y,editorial seed — verify before publish
katara-beach,Katara Beach,شاطئ كتارا,beach,family beach,Katara,Katara Cultural Village beachfront,0,0,low,Entry from QAR 15,outdoor,N,Y,Y,Y,Y,walk-in,,,,"Calm, supervised beach with shallow entry and watersports rentals at the Pearl end. Sunshades available to rent. Pair it with a walk through Katara after sunset.",قيد المراجعة,Afternoons bake in summer — mornings are safer for under-5s.,verified,1,Y,editorial seed — verify before publish
al-wakrah-family-beach,Al Wakrah Family Beach,شاطئ الوكرة العائلي,beach,family beach,Al Wakra,South of Souq Al Wakrah,0,0,free,Free,outdoor,N,partial,Y,Y,Y,walk-in,,,,"Long, shallow beach with shaded gazebos, BBQ pits, and a playground at the north end. A solid Saturday-morning pick if Corniche feels too busy.",قيد المراجعة,Sand gets hot; bring water shoes for toddlers.,verified,2,Y,editorial seed — verify before publish
simaisma-beach,Simaisma Beach,شاطئ سميسمة,beach,day beach,Al Khor,"Between Lusail and Al Khor, coastal road",0,0,free,Free,outdoor,N,partial,unknown,unknown,Y,walk-in,,,,"Quiet stretch of coast north of Lusail, shallow for a long way out. Popular with families for kite flying in the cooler months.",قيد المراجعة,No café or shade — bring everything you need.,verifying,3,N,editorial seed — verify before publish
souq-waqif-kids,Souq Waqif,سوق واقف,mall-play,heritage souq,Msheireb,"Off the Corniche, heritage district",0,0,free,Free to wander,mixed,partial,partial,Y,Y,paid,walk-in,,,,"Not a kids venue per se, but the falcon souq, horse stables and toy-shop alley make a great after-sunset walk for ages 4+. Try one of the courtyard restaurants when the band is playing.",قيد المراجعة,Strollers struggle on the cobblestones. Evenings get very crowded on weekends.,verified,2,Y,editorial seed — verify before publish
katara-cultural-village,Katara Cultural Village,الحي الثقافي كتارا,mall-play,cultural village,Katara,"West Bay coastal, north of Pearl",0,0,free,Free; events vary,mixed,partial,Y,Y,Y,Y,walk-in,,,,"Open-air village with amphitheatre, galleries, a kids’ reading nook at Katara Library, and seasonal festivals for ages 5+. Good for a two-hour evening loop.",قيد المراجعة,Very few covered walkways in summer — plan for sunset.,verified,1,Y,editorial seed — verify before publish
the-pearl-boardwalk,The Pearl Boardwalk,كورنيش اللؤلؤة,park,waterfront promenade,The Pearl,Porto Arabia marina,0,0,free,Free,outdoor,N,Y,Y,Y,paid,walk-in,,,,"Flat, stroller-friendly promenade around the Porto Arabia marina. Works as a pre-dinner walk with scooters for ages 4–9.",قيد المراجعة,Parking in the basement garages is paid after the first hour on weekends.,verified,2,N,editorial seed — verify before publish
lusail-marina-promenade,Lusail Marina Promenade,كورنيش مارينا لوسيل,park,waterfront promenade,Lusail,"Lusail Marina, near Place Vendome",0,0,free,Free,outdoor,N,Y,Y,Y,Y,walk-in,,,,"A long, tiled promenade with fountains that run at sunset and plenty of open space for scooters and bikes. Best in winter months.",قيد المراجعة,Exposed and windy — not great for toddlers with a dummy.,verified,2,Y,editorial seed — verify before publish
corniche-park,Doha Corniche,كورنيش الدوحة,park,waterfront promenade,Corniche,"West Bay to MIA, 7 km walk",0,0,free,Free,outdoor,N,Y,Y,Y,Y,walk-in,,,,"The classic 7 km Doha waterfront. Cycle lanes on the promenade, bike hire at several points, dhow trips from the middle section. Works for every age from strollers up.",قيد المراجعة,Parking is painful on National Day and NYE fireworks evenings.,verified,1,Y,editorial seed — verify before publish
dahl-al-hamam-park,Dahl Al Hamam Park,حديقة دحل الحمام,park,neighborhood park,Duhail,Al Duhail area,0,0,free,Free,outdoor,N,Y,Y,unknown,Y,walk-in,,,,"A deep natural sinkhole turned family park with a big playground, trails, and a small pond. Quieter than Aspire.",قيد المراجعة,Fewer cafes nearby — bring snacks.,verified,2,N,editorial seed — verify before publish
al-gharrafa-park,Al Gharrafa Park,حديقة الغرافة,park,neighborhood park,Gharrafa,Al Gharrafa area,0,0,free,Free,outdoor,N,Y,Y,unknown,Y,walk-in,,,,A long linear park through Gharrafa with play zones every few hundred metres. Good for families with kids of different ages — one play area doesn’t hold everyone.,قيد المراجعة,Limited parking at busy times; street-park on the side roads.,verifying,3,N,editorial seed — verify before publish
al-khor-park,Al Khor Park,حديقة الخور,park,large urban park,Al Khor,"Al Khor city, south side",0,0,low,QAR 5 entry,outdoor,N,Y,Y,Y,Y,walk-in,,,,"Big, green park with a small train, dolphin fountain, and a sprawling playground. Worth the drive if you live north of Lusail.",قيد المراجعة,Facilities are older; the toilets show their age.,verified,3,N,editorial seed — verify before publish
airport-garden,Hamad Airport Garden,حديقة مطار حمد,park,layover park,Old Airport,"Inside Hamad International, transit",0,0,free,Free with boarding pass,indoor,Y,Y,Y,Y,paid,walk-in,,,,"The indoor garden in the transit terminal — mostly a layover pick, but worth a mention if you’re on a long transit with kids.",قيد المراجعة,Transit only; not a day-out destination.,verifying,3,N,editorial seed — verify before publish
mia-museum,Museum of Islamic Art,متحف الفن الإسلامي,museum,art museum,Corniche,Corniche waterfront,48,0,low,Adults QAR 50; kids under 16 free,indoor,Y,Y,Y,Y,Y,online,mia.org.qa,,,Qatar’s landmark art museum. Family trails and the weekend kids’ workshop program make it work for ages 5+. The top-floor café has the best city view in Doha.,قيد المراجعة,Some galleries are quiet — bring headphones or a hushed 5-year-old.,verified,1,Y,editorial seed — verify before publish
mathaf,Mathaf: Arab Museum of Modern Art,متحف: المتحف العربي للفن الحديث,museum,art museum,Education City,"Education City, Al Luqta",60,0,low,Adults QAR 50; kids under 16 free,indoor,Y,Y,Y,Y,Y,online,mathaf.org.qa,,,"Modern Arab art in a converted school building, with a family Fridays programme aimed at ages 5–12. Smaller than MIA, easier on short attention spans.",قيد المراجعة,Shows rotate — check what’s up before you drive out.,verified,2,N,editorial seed — verify before publish
national-museum,National Museum of Qatar,متحف قطر الوطني,museum,national museum,Msheireb,"Corniche, near Souq Waqif",60,0,low,Adults QAR 50; kids under 16 free,indoor,Y,Y,Y,Y,Y,online,nmoq.org.qa,,,"A 1.5 km immersive walk through Qatar’s natural and social history, designed for all ages. The children’s museum wing is a highlight for ages 5–10.",قيد المراجعة,"Full loop is long — strollers make it manageable, but under-3s will fade.",verified,1,Y,editorial seed — verify before publish
msheireb-museums,Msheireb Museums,متاحف مشيرب,museum,heritage museums,Msheireb,Four heritage houses in Msheireb,72,0,free,Free,indoor,Y,Y,Y,Y,paid,walk-in,msheirebmuseums.com,,,"Four restored heritage houses covering slavery, family life, oil, and architecture in Qatar. Best for ages 7+ with a guide or family trail booklet.",قيد المراجعة,Heavier topics in parts — preview the slavery exhibit before taking under-8s.,verified,2,N,editorial seed — verify before publish
3-2-1-museum,3-2-1 Qatar Olympic & Sports Museum,متحف 3-2-1 قطر الأولمبي,museum,sports museum,Aspire,Khalifa International Stadium,48,0,low,Adults QAR 60; kids QAR 30,indoor,Y,Y,Y,Y,Y,online,321qosm.org.qa,,,"Interactive sports museum with hands-on stations (reaction tests, a climbing wall, a Paralympic simulator). Good for ages 5–14.",قيد المراجعة,Some interactive stations queue on weekends.,verified,2,Y,editorial seed — verify before publish
qnl,Qatar National Library,مكتبة قطر الوطنية,library,national library,Education City,Education City,0,0,free,Free,indoor,Y,Y,Y,Y,Y,walk-in,qnl.qa,,,"A dazzling Koolhaas-designed library with one of the best kids’ sections in the Gulf. Storytime weekly, plus school-holiday workshops. Free membership for residents.",قيد المراجعة,"Exam season (May, December) fills the quiet zones with teenagers.",verified,1,Y,editorial seed — verify before publish
katara-library,Katara Library,مكتبة كتارا,library,community library,Katara,"Building 10, Katara",24,0,free,Free,indoor,Y,Y,Y,N,Y,walk-in,,,,"A small, quiet library with an Arabic-first children’s corner. Drop-in on weekday mornings with a 2–5 year old and it feels like your own.",قيد المراجعة,Limited seating on Friday mornings during storytime.,verifying,3,N,editorial seed — verify before publish
wonderworks,Wonder Works,وندر ووركس,class-arts,creative space,Al Waab,Al Waab area — confirming,36,144,mid,Per-session; confirming,indoor,Y,Y,unknown,unknown,unknown,instagram,,@wonderworks.qa,,"Screen-free workshops for kids that lean into craft, presence and connection rather than play-for-play’s sake. Not a daycare, not a playground — worth a look for ages 3–12.",قيد المراجعة,New opening; book via Instagram to confirm.,verifying,1,Y,direct from wonderworks.qa; see yalla-kids-place-detail-wonderworks.html
olioli,OliOli Qatar,أوليولي قطر,soft-play,experiential children’s museum,Lusail,Lusail — confirming exact location,12,144,mid,Confirming pricing,indoor,Y,Y,unknown,unknown,unknown,online,,,,"A hands-on children’s play museum, with themed galleries for ages 1–12. If confirmed in Qatar, it would sit near the top of our weekend picks.",قيد المراجعة,Confirming Qatar operating status before publish.,verifying,1,Y,editorial seed — verify before publish
kidzmondo-doha,KidzMondo Doha,كيدزموندو الدوحة,theme-park,role-play city,Mall of Qatar area,"Mall of Qatar, Al Rayyan",36,168,high,QAR 150+ per child,indoor,Y,Y,Y,Y,Y,online,,,,"Indoor miniature city where kids play grown-up jobs — fire fighter, dentist, baker, pilot. Best experienced as a 4-hour block with ages 4–12.",قيد المراجعة,The parent area has limited seating; be ready to watch rather than sit.,verified,1,Y,editorial seed — verify before publish
angry-birds-world,Angry Birds World,عالم الطيور الغاضبة,theme-park,indoor theme park,Doha Festival City,"Doha Festival City, top floor",36,180,high,Multi-ride bundles from QAR 150,indoor,Y,Y,Y,Y,Y,online,,,,Indoor theme park with rides graded from toddler to teen. Weekday afternoons have short queues; weekends are a commitment.,قيد المراجعة,Height restrictions cut out some rides for under-110 cm — check before paying the bundle.,verified,2,Y,editorial seed — verify before publish
gondolania,Gondolania,غندولانيا,theme-park,mall theme park,Al Rayyan,Villaggio Mall,24,168,high,Pay per ride or bundle,indoor,Y,Y,Y,Y,Y,walk-in,,,,"The ice rink, mini bowling, and indoor coaster inside Villaggio. Works well as a 2-hour stop combined with lunch.",قيد المراجعة,Weekends get very loud in the coaster area.,verified,2,N,editorial seed — verify before publish
flipout-qatar,Flip Out Qatar,فليب آوت قطر,soft-play,trampoline park,Al Sadd,Al Sadd — confirming exact branch,36,216,mid,QAR 75 per hour,indoor,Y,Y,Y,Y,Y,online,,,,"Trampoline park with dodgeball, a foam pit and a dedicated toddler zone. Grip socks sold at entry.",قيد المراجعة,Loud and energetic — sensory-sensitive kids should visit at opening time.,verifying,2,N,editorial seed — verify before publish
sky-zone-qatar,Sky Zone Qatar,سكاي زون قطر,soft-play,trampoline park,Al Rayyan,Doha Oasis / confirming,48,216,mid,QAR 75–100 per hour,indoor,Y,Y,Y,Y,Y,online,,,,Trampoline arena with basketball dunk lanes and a Ninja Warrior course. Best for confident jumpers ages 7+.,قيد المراجعة,Toddlers are better served at Flip Out’s toddler zone.,verifying,3,N,editorial seed — verify before publish
wow-park,WOW Park Qatar,واو بارك قطر,soft-play,indoor adventure park,Al Rayyan,Mall of Qatar,36,156,mid,QAR 85 per child,indoor,Y,Y,Y,Y,Y,online,,,,"Big indoor adventure park with a ropes course, slides and a climbing tower. Ages 3+ with a separate toddler area.",قيد المراجعة,Socks required; QAR 15 if you forget them.,verifying,2,Y,editorial seed — verify before publish
doha-quest,Doha Quest,الدوحة كويست,theme-park,indoor amusement park,Lusail,"Doha Oasis, Msheireb area — confirming",48,0,high,Pay per ride or pass,indoor,Y,Y,Y,Y,Y,online,,,,"Qatar’s largest indoor theme park, with record-holding coasters. For thrill-seeker teens, this is the main event.",قيد المراجعة,Ticketing can be confusing — understand the pass tiers before arriving.,verifying,2,N,editorial seed — verify before publish
curiocity-qa,Curiocity Qatar,كيوريوسيتي قطر,theme-park,edutainment city,Lusail,Lusail Boulevard,48,144,high,Bundles from QAR 120,indoor,Y,Y,Y,Y,Y,online,,,,"Edutainment space where kids play real-world professions in miniature — newsroom, airport, clinic. Overlaps with KidzMondo; pick based on neighbourhood.",قيد المراجعة,Book a time slot — walk-ins wait at busy times.,verifying,2,N,editorial seed — verify before publish
villaggio-mall,Villaggio Mall,فيلاجيو,mall-play,mall with kids zones,Al Rayyan,Aspire Zone south,0,0,low,Entry free; rides/play paid,indoor,Y,Y,Y,Y,Y,walk-in,,,,"The Venice-themed mall with Gondolania inside. A reliable rainy-day combo of food court, ice rink and indoor coaster.",قيد المراجعة,Weekend afternoons are the peak for everything — aim for 10–11 am.,verified,2,N,editorial seed — verify before publish
mall-of-qatar,Mall of Qatar,مول قطر,mall-play,mall with kids zones,Al Rayyan,Near Al Rayyan Stadium,0,0,low,Entry free; play zones paid,indoor,Y,Y,Y,Y,Y,walk-in,,,,"Hosts KidzMondo, the Oasis cinema and a large food court. Good option when you need air-conditioned hours with mixed ages.",قيد المراجعة,Parking gets tight on weekend evenings.,verified,2,N,editorial seed — verify before publish
doha-festival-city,Doha Festival City,الدوحة فيستيفال سيتي,mall-play,mall with kids zones,Umm Salal,"North Doha, near Lusail",0,0,low,Entry free,indoor,Y,Y,Y,Y,Y,walk-in,,,,"Mall with Angry Birds World, Juniverse and Virtuocity under one roof. A solid rainy-day pick if you have mixed ages.",قيد المراجعة,The coaster inside Angry Birds World is noisy; not great for sensory-sensitive kids.,verified,2,N,editorial seed — verify before publish
place-vendome,Place Vendôme,پلاس فاندوم,mall-play,mall with fountains,Lusail,Lusail Marina,0,0,low,Entry free,mixed,Y,Y,Y,Y,Y,walk-in,,,,"Luxury mall with a large fountain show, outdoor canal and several family restaurants. The fountain show at sunset holds under-6s for 10 minutes.",قيد المراجعة,Limited kids-specific play — treat it as a sunset walk.,verified,3,N,editorial seed — verify before publish
landmark-mall,Landmark Mall,لاندمارك,mall-play,mall with kids zones,Gharrafa,"Al Gharrafa, near expressway",0,0,low,Entry free,indoor,Y,Y,Y,Y,Y,walk-in,,,,Older mall with a renovated family floor. Quieter than the big four; a good mid-week pick.,قيد المراجعة,Cinema schedule thin on weekdays.,verified,3,N,editorial seed — verify before publish
city-center-doha,City Center Doha,سيتي سنتر الدوحة,mall-play,mall with kids zones,West Bay,West Bay,0,0,low,Entry free,indoor,Y,Y,Y,Y,Y,walk-in,,,,City Center still has one of the better ice rinks and a solid Fun City arcade. Easy access from West Bay offices.,قيد المراجعة,Layout dated — plan routes with a stroller.,verified,3,N,editorial seed — verify before publish
lagoona-mall,Lagoona Mall,لاجونا مول,mall-play,small mall,West Bay,West Bay lagoon,0,0,low,Entry free,indoor,Y,Y,Y,Y,Y,walk-in,,,,"Small, quiet mall with a kids’ salon and a café upstairs that’s friendly to buggies.",قيد المراجعة,Not a destination — pair with a walk along the Corniche.,verifying,3,N,editorial seed — verify before publish
tawar-mall,Tawar Mall,تور مول,mall-play,community mall,Duhail,"Duhail, North Doha",0,0,low,Entry free,indoor,Y,Y,Y,Y,Y,walk-in,,,,Community mall with a large indoor play centre and a trampoline zone. Strong local following in the north.,قيد المراجعة,Tight car park at school run times.,verifying,3,N,editorial seed — verify before publish
funderdome-pearl,Funderdome Pearl,قيد المراجعة,soft-play,indoor play centre,The Pearl,Medina Centrale piazza,12,144,mid,QAR 65–95 per visit — verifying,indoor,Y,Y,Y,Y,Y,walk-in,,,,Neighborhood indoor play centre — candidate listing pending editor visit.,قيد المراجعة,"Confirm session length, drop-off policy and socks requirement before visit.",placeholder,3,N,editorial seed — verify before publish
funderdome-waab,Funderdome Al Waab,قيد المراجعة,soft-play,indoor play centre,Al Waab,Al Waab St,12,144,mid,QAR 65–95 per visit — verifying,indoor,Y,Y,Y,Y,Y,walk-in,,,,Neighborhood indoor play centre — candidate listing pending editor visit.,قيد المراجعة,"Confirm session length, drop-off policy and socks requirement before visit.",placeholder,3,N,editorial seed — verify before publish
cheeky-monkeys-pearl,Cheeky Monkeys Pearl,قيد المراجعة,soft-play,indoor play centre,The Pearl,Porto Arabia,12,144,mid,QAR 65–95 per visit — verifying,indoor,Y,Y,Y,Y,Y,walk-in,,,,Neighborhood indoor play centre — candidate listing pending editor visit.,قيد المراجعة,"Confirm session length, drop-off policy and socks requirement before visit.",placeholder,3,N,editorial seed — verify before publish
cheeky-monkeys-lusail,Cheeky Monkeys Lusail,قيد المراجعة,soft-play,indoor play centre,Lusail,Lusail Marina,12,144,mid,QAR 65–95 per visit — verifying,indoor,Y,Y,Y,Y,Y,walk-in,,,,Neighborhood indoor play centre — candidate listing pending editor visit.,قيد المراجعة,"Confirm session length, drop-off policy and socks requirement before visit.",placeholder,3,N,editorial seed — verify before publish
kidzania-style-a,Playland Doha,قيد المراجعة,soft-play,indoor play centre,Al Sadd,Al Sadd ring road,12,144,mid,QAR 65–95 per visit — verifying,indoor,Y,Y,Y,Y,Y,walk-in,,,,Neighborhood indoor play centre — candidate listing pending editor visit.,قيد المراجعة,"Confirm session length, drop-off policy and socks requirement before visit.",placeholder,3,N,editorial seed — verify before publish
bounce-qatar,Bounce Qatar,قيد المراجعة,soft-play,indoor play centre,Al Waab,Aspire area,12,144,mid,QAR 65–95 per visit — verifying,indoor,Y,Y,Y,Y,Y,walk-in,,,,Neighborhood indoor play centre — candidate listing pending editor visit.,قيد المراجعة,"Confirm session length, drop-off policy and socks requirement before visit.",placeholder,3,N,editorial seed — verify before publish
jump-in,Jump In Doha,قيد المراجعة,soft-play,indoor play centre,Al Rayyan,Mall of Qatar area,12,144,mid,QAR 65–95 per visit — verifying,indoor,Y,Y,Y,Y,Y,walk-in,,,,Neighborhood indoor play centre — candidate listing pending editor visit.,قيد المراجعة,"Confirm session length, drop-off policy and socks requirement before visit.",placeholder,3,N,editorial seed — verify before publish
ziplandia,Ziplandia,قيد المراجعة,soft-play,indoor play centre,Lusail,Doha Oasis / confirming,12,144,mid,QAR 65–95 per visit — verifying,indoor,Y,Y,Y,Y,Y,walk-in,,,,Neighborhood indoor play centre — candidate listing pending editor visit.,قيد المراجعة,"Confirm session length, drop-off policy and socks requirement before visit.",placeholder,3,N,editorial seed — verify before publish
toddler-town-duhail,Toddler Town,قيد المراجعة,soft-play,indoor play centre,Duhail,Tawar Mall,12,144,mid,QAR 65–95 per visit — verifying,indoor,Y,Y,Y,Y,Y,walk-in,,,,Neighborhood indoor play centre — candidate listing pending editor visit.,قيد المراجعة,"Confirm session length, drop-off policy and socks requirement before visit.",placeholder,3,N,editorial seed — verify before publish
play-yard,PlayYard Indoor,قيد المراجعة,soft-play,indoor play centre,Gharrafa,Landmark Mall,12,144,mid,QAR 65–95 per visit — verifying,indoor,Y,Y,Y,Y,Y,walk-in,,,,Neighborhood indoor play centre — candidate listing pending editor visit.,قيد المراجعة,"Confirm session length, drop-off policy and socks requirement before visit.",placeholder,3,N,editorial seed — verify before publish
little-world,Little World,قيد المراجعة,soft-play,indoor play centre,West Bay,City Center,12,144,mid,QAR 65–95 per visit — verifying,indoor,Y,Y,Y,Y,Y,walk-in,,,,Neighborhood indoor play centre — candidate listing pending editor visit.,قيد المراجعة,"Confirm session length, drop-off policy and socks requirement before visit.",placeholder,3,N,editorial seed — verify before publish
play-doh-land,Play-Doh Land,قيد المراجعة,soft-play,indoor play centre,Al Dafna,Dafna tower,12,144,mid,QAR 65–95 per visit — verifying,indoor,Y,Y,Y,Y,Y,walk-in,,,,Neighborhood indoor play centre — candidate listing pending editor visit.,قيد المراجعة,"Confirm session length, drop-off policy and socks requirement before visit.",placeholder,3,N,editorial seed — verify before publish
mini-masters,Mini Masters,قيد المراجعة,soft-play,indoor play centre,Ain Khalid,Ain Khalid,12,144,mid,QAR 65–95 per visit — verifying,indoor,Y,Y,Y,Y,Y,walk-in,,,,Neighborhood indoor play centre — candidate listing pending editor visit.,قيد المراجعة,"Confirm session length, drop-off policy and socks requirement before visit.",placeholder,3,N,editorial seed — verify before publish
wiggles-indoor,Wiggles Indoor,قيد المراجعة,soft-play,indoor play centre,Al Sadd,Al Sadd area,12,144,mid,QAR 65–95 per visit — verifying,indoor,Y,Y,Y,Y,Y,walk-in,,,,Neighborhood indoor play centre — candidate listing pending editor visit.,قيد المراجعة,"Confirm session length, drop-off policy and socks requirement before visit.",placeholder,3,N,editorial seed — verify before publish
adventure-zone,Adventure Zone,قيد المراجعة,soft-play,indoor play centre,Al Rayyan,Mall of Qatar,12,144,mid,QAR 65–95 per visit — verifying,indoor,Y,Y,Y,Y,Y,walk-in,,,,Neighborhood indoor play centre — candidate listing pending editor visit.,قيد المراجعة,"Confirm session length, drop-off policy and socks requirement before visit.",placeholder,3,N,editorial seed — verify before publish
play-pad,Play Pad Qatar,قيد المراجعة,soft-play,indoor play centre,Old Airport,Old Airport road,12,144,mid,QAR 65–95 per visit — verifying,indoor,Y,Y,Y,Y,Y,walk-in,,,,Neighborhood indoor play centre — candidate listing pending editor visit.,قيد المراجعة,"Confirm session length, drop-off policy and socks requirement before visit.",placeholder,3,N,editorial seed — verify before publish
fun-town-pearl,Fun Town Pearl,قيد المراجعة,soft-play,indoor play centre,The Pearl,Medina Centrale,12,144,mid,QAR 65–95 per visit — verifying,indoor,Y,Y,Y,Y,Y,walk-in,,,,Neighborhood indoor play centre — candidate listing pending editor visit.,قيد المراجعة,"Confirm session length, drop-off policy and socks requirement before visit.",placeholder,3,N,editorial seed — verify before publish
xplore-rayyan,Xplore Play,قيد المراجعة,soft-play,indoor play centre,Al Rayyan,Al Rayyan,12,144,mid,QAR 65–95 per visit — verifying,indoor,Y,Y,Y,Y,Y,walk-in,,,,Neighborhood indoor play centre — candidate listing pending editor visit.,قيد المراجعة,"Confirm session length, drop-off policy and socks requirement before visit.",placeholder,3,N,editorial seed — verify before publish
rainbow-room,Rainbow Room,قيد المراجعة,soft-play,indoor play centre,Al Thumama,Al Thumama,12,144,mid,QAR 65–95 per visit — verifying,indoor,Y,Y,Y,Y,Y,walk-in,,,,Neighborhood indoor play centre — candidate listing pending editor visit.,قيد المراجعة,"Confirm session length, drop-off policy and socks requirement before visit.",placeholder,3,N,editorial seed — verify before publish
toddlers-corner,Toddlers Corner,قيد المراجعة,soft-play,indoor play centre,Duhail,Duhail,12,144,mid,QAR 65–95 per visit — verifying,indoor,Y,Y,Y,Y,Y,walk-in,,,,Neighborhood indoor play centre — candidate listing pending editor visit.,قيد المراجعة,"Confirm session length, drop-off policy and socks requirement before visit.",placeholder,3,N,editorial seed — verify before publish
jumpy-joes,Jumpy Joe’s,قيد المراجعة,soft-play,indoor play centre,Al Wakra,Al Wakra,12,144,mid,QAR 65–95 per visit — verifying,indoor,Y,Y,Y,Y,Y,walk-in,,,,Neighborhood indoor play centre — candidate listing pending editor visit.,قيد المراجعة,"Confirm session length, drop-off policy and socks requirement before visit.",placeholder,3,N,editorial seed — verify before publish
sparkle-kids,Sparkle Kids,قيد المراجعة,soft-play,indoor play centre,Al Khor,Al Khor,12,144,mid,QAR 65–95 per visit — verifying,indoor,Y,Y,Y,Y,Y,walk-in,,,,Neighborhood indoor play centre — candidate listing pending editor visit.,قيد المراجعة,"Confirm session length, drop-off policy and socks requirement before visit.",placeholder,3,N,editorial seed — verify before publish
kids-arena,Kids Arena Doha,قيد المراجعة,soft-play,indoor play centre,Gharrafa,Gharrafa,12,144,mid,QAR 65–95 per visit — verifying,indoor,Y,Y,Y,Y,Y,walk-in,,,,Neighborhood indoor play centre — candidate listing pending editor visit.,قيد المراجعة,"Confirm session length, drop-off policy and socks requirement before visit.",placeholder,3,N,editorial seed — verify before publish
play-hub-lusail,Play Hub Lusail,قيد المراجعة,soft-play,indoor play centre,Lusail,Lusail,12,144,mid,QAR 65–95 per visit — verifying,indoor,Y,Y,Y,Y,Y,walk-in,,,,Neighborhood indoor play centre — candidate listing pending editor visit.,قيد المراجعة,"Confirm session length, drop-off policy and socks requirement before visit.",placeholder,3,N,editorial seed — verify before publish
little-explorers,Little Explorers Doha,قيد المراجعة,soft-play,indoor play centre,The Pearl,Porto Arabia,12,144,mid,QAR 65–95 per visit — verifying,indoor,Y,Y,Y,Y,Y,walk-in,,,,Neighborhood indoor play centre — candidate listing pending editor visit.,قيد المراجعة,"Confirm session length, drop-off policy and socks requirement before visit.",placeholder,3,N,editorial seed — verify before publish
katara-art-studios,Katara Art Studios,قيد المراجعة,class-arts,art & ceramics,Katara,Katara Building 19,36,168,mid,Per-term or drop-in; confirming,indoor,Y,partial,unknown,unknown,Y,online,,,,Art & ceramics classes for school-age kids — candidate listing pending editor outreach.,قيد المراجعة,Confirm term dates and trial-class policy before enrolling.,placeholder,3,N,editorial seed — verify before publish
fire-station-residency,Fire Station Kids Workshops,قيد المراجعة,class-arts,visual arts,Msheireb,Fire Station residency,36,168,mid,Per-term or drop-in; confirming,indoor,Y,partial,unknown,unknown,Y,online,,,,Visual arts classes for school-age kids — candidate listing pending editor outreach.,قيد المراجعة,Confirm term dates and trial-class policy before enrolling.,placeholder,3,N,editorial seed — verify before publish
virginia-commonwealth-kids,VCUarts Qatar Family Sundays,قيد المراجعة,class-arts,visual arts,Education City,VCUarts campus,36,168,mid,Per-term or drop-in; confirming,indoor,Y,partial,unknown,unknown,Y,online,,,,Visual arts classes for school-age kids — candidate listing pending editor outreach.,قيد المراجعة,Confirm term dates and trial-class policy before enrolling.,placeholder,3,N,editorial seed — verify before publish
lego-education-center,Lego Education Center,قيد المراجعة,class-stem,robotics,Al Sadd,Al Sadd,36,168,mid,Per-term or drop-in; confirming,indoor,Y,partial,unknown,unknown,Y,online,,,,Robotics classes for school-age kids — candidate listing pending editor outreach.,قيد المراجعة,Confirm term dates and trial-class policy before enrolling.,placeholder,3,N,editorial seed — verify before publish
coder-kids-qa,Coder Kids Qatar,قيد المراجعة,class-stem,coding,West Bay,West Bay tower,36,168,mid,Per-term or drop-in; confirming,indoor,Y,partial,unknown,unknown,Y,online,,,,Coding classes for school-age kids — candidate listing pending editor outreach.,قيد المراجعة,Confirm term dates and trial-class policy before enrolling.,placeholder,3,N,editorial seed — verify before publish
little-engineers,Little Engineers Doha,قيد المراجعة,class-stem,engineering,The Pearl,Medina Centrale,36,168,mid,Per-term or drop-in; confirming,indoor,Y,partial,unknown,unknown,Y,online,,,,Engineering classes for school-age kids — candidate listing pending editor outreach.,قيد المراجعة,Confirm term dates and trial-class policy before enrolling.,placeholder,3,N,editorial seed — verify before publish
doodlebug-art,Doodlebug Art Studio,قيد المراجعة,class-arts,art,Gharrafa,Landmark area,36,168,mid,Per-term or drop-in; confirming,indoor,Y,partial,unknown,unknown,Y,online,,,,Art classes for school-age kids — candidate listing pending editor outreach.,قيد المراجعة,Confirm term dates and trial-class policy before enrolling.,placeholder,3,N,editorial seed — verify before publish
strings-music-school,Strings Music School,قيد المراجعة,class-music,strings & piano,Al Sadd,Al Sadd,36,168,mid,Per-term or drop-in; confirming,indoor,Y,partial,unknown,unknown,Y,online,,,,Strings & piano classes for school-age kids — candidate listing pending editor outreach.,قيد المراجعة,Confirm term dates and trial-class policy before enrolling.,placeholder,3,N,editorial seed — verify before publish
doha-music-school,Doha Music School,قيد المراجعة,class-music,"piano, guitar",Al Dafna,Al Dafna,36,168,mid,Per-term or drop-in; confirming,indoor,Y,partial,unknown,unknown,Y,online,,,,"Piano, guitar classes for school-age kids — candidate listing pending editor outreach.",قيد المراجعة,Confirm term dates and trial-class policy before enrolling.,placeholder,3,N,editorial seed — verify before publish
little-maestros,Little Maestros,قيد المراجعة,class-music,baby & toddler music,The Pearl,Porto Arabia,36,168,mid,Per-term or drop-in; confirming,indoor,Y,partial,unknown,unknown,Y,online,,,,Baby & toddler music classes for school-age kids — candidate listing pending editor outreach.,قيد المراجعة,Confirm term dates and trial-class policy before enrolling.,placeholder,3,N,editorial seed — verify before publish
painting-academy-qa,Painting Academy Doha,قيد المراجعة,class-arts,fine art,Al Waab,Al Waab,36,168,mid,Per-term or drop-in; confirming,indoor,Y,partial,unknown,unknown,Y,online,,,,Fine art classes for school-age kids — candidate listing pending editor outreach.,قيد المراجعة,Confirm term dates and trial-class policy before enrolling.,placeholder,3,N,editorial seed — verify before publish
mindflips,MindFlips Chess Academy,قيد المراجعة,class-stem,chess,Gharrafa,Gharrafa,36,168,mid,Per-term or drop-in; confirming,indoor,Y,partial,unknown,unknown,Y,online,,,,Chess classes for school-age kids — candidate listing pending editor outreach.,قيد المراجعة,Confirm term dates and trial-class policy before enrolling.,placeholder,3,N,editorial seed — verify before publish
robotix-academy,Robotix Academy,قيد المراجعة,class-stem,robotics,Education City,Education City,36,168,mid,Per-term or drop-in; confirming,indoor,Y,partial,unknown,unknown,Y,online,,,,Robotics classes for school-age kids — candidate listing pending editor outreach.,قيد المراجعة,Confirm term dates and trial-class policy before enrolling.,placeholder,3,N,editorial seed — verify before publish
coding-lab-qa,The Coding Lab,قيد المراجعة,class-stem,coding,The Pearl,The Pearl,36,168,mid,Per-term or drop-in; confirming,indoor,Y,partial,unknown,unknown,Y,online,,,,Coding classes for school-age kids — candidate listing pending editor outreach.,قيد المراجعة,Confirm term dates and trial-class policy before enrolling.,placeholder,3,N,editorial seed — verify before publish
young-chef-academy,Young Chef Academy,قيد المراجعة,class-arts,cooking,Al Sadd,Al Sadd,36,168,mid,Per-term or drop-in; confirming,indoor,Y,partial,unknown,unknown,Y,online,,,,Cooking classes for school-age kids — candidate listing pending editor outreach.,قيد المراجعة,Confirm term dates and trial-class policy before enrolling.,placeholder,3,N,editorial seed — verify before publish
pottery-place,The Pottery Place,قيد المراجعة,class-arts,ceramics,Katara,Katara,36,168,mid,Per-term or drop-in; confirming,indoor,Y,partial,unknown,unknown,Y,online,,,,Ceramics classes for school-age kids — candidate listing pending editor outreach.,قيد المراجعة,Confirm term dates and trial-class policy before enrolling.,placeholder,3,N,editorial seed — verify before publish
art-story,Art Story Studio,قيد المراجعة,class-arts,mixed media,Al Dafna,Al Dafna,36,168,mid,Per-term or drop-in; confirming,indoor,Y,partial,unknown,unknown,Y,online,,,,Mixed media classes for school-age kids — candidate listing pending editor outreach.,قيد المراجعة,Confirm term dates and trial-class policy before enrolling.,placeholder,3,N,editorial seed — verify before publish
qatar-photography-kids,Qatar Photography Society Kids,قيد المراجعة,class-arts,photography,Katara,Katara building,36,168,mid,Per-term or drop-in; confirming,indoor,Y,partial,unknown,unknown,Y,online,,,,Photography classes for school-age kids — candidate listing pending editor outreach.,قيد المراجعة,Confirm term dates and trial-class policy before enrolling.,placeholder,3,N,editorial seed — verify before publish
ballet-qa-kids,Ballet Qatar Junior,قيد المراجعة,class-arts,ballet,Al Sadd,Al Sadd,36,168,mid,Per-term or drop-in; confirming,indoor,Y,partial,unknown,unknown,Y,online,,,,Ballet classes for school-age kids — candidate listing pending editor outreach.,قيد المراجعة,Confirm term dates and trial-class policy before enrolling.,placeholder,3,N,editorial seed — verify before publish
studio23-kids,Studio 23 Kids,قيد المراجعة,class-arts,painting,The Pearl,Porto Arabia,36,168,mid,Per-term or drop-in; confirming,indoor,Y,partial,unknown,unknown,Y,online,,,,Painting classes for school-age kids — candidate listing pending editor outreach.,قيد المراجعة,Confirm term dates and trial-class policy before enrolling.,placeholder,3,N,editorial seed — verify before publish
mosaic-kids-atelier,Mosaic Kids Atelier,قيد المراجعة,class-arts,mosaic,Msheireb,Msheireb,36,168,mid,Per-term or drop-in; confirming,indoor,Y,partial,unknown,unknown,Y,online,,,,Mosaic classes for school-age kids — candidate listing pending editor outreach.,قيد المراجعة,Confirm term dates and trial-class policy before enrolling.,placeholder,3,N,editorial seed — verify before publish
genius-lab-qatar,Genius Lab Qatar,قيد المراجعة,class-stem,STEM camps,West Bay,West Bay,36,168,mid,Per-term or drop-in; confirming,indoor,Y,partial,unknown,unknown,Y,online,,,,Stem camps classes for school-age kids — candidate listing pending editor outreach.,قيد المراجعة,Confirm term dates and trial-class policy before enrolling.,placeholder,3,N,editorial seed — verify before publish
curiosity-kids-lab,Curiosity Kids Lab,قيد المراجعة,class-stem,science,Al Waab,Al Waab,36,168,mid,Per-term or drop-in; confirming,indoor,Y,partial,unknown,unknown,Y,online,,,,Science classes for school-age kids — candidate listing pending editor outreach.,قيد المراجعة,Confirm term dates and trial-class policy before enrolling.,placeholder,3,N,editorial seed — verify before publish
storyteller-club,The Storyteller Club,قيد المراجعة,class-arts,creative writing,Education City,Education City,36,168,mid,Per-term or drop-in; confirming,indoor,Y,partial,unknown,unknown,Y,online,,,,Creative writing classes for school-age kids — candidate listing pending editor outreach.,قيد المراجعة,Confirm term dates and trial-class policy before enrolling.,placeholder,3,N,editorial seed — verify before publish
drama-kids-qa,Drama Kids Doha,قيد المراجعة,class-arts,theatre,Al Sadd,Al Sadd,36,168,mid,Per-term or drop-in; confirming,indoor,Y,partial,unknown,unknown,Y,online,,,,Theatre classes for school-age kids — candidate listing pending editor outreach.,قيد المراجعة,Confirm term dates and trial-class policy before enrolling.,placeholder,3,N,editorial seed — verify before publish
aspire-junior-academy,Aspire Junior Academy,قيد المراجعة,class-sports,multi-sport,Aspire,Aspire Academy,36,168,mid,Per-term or per-session; confirming,indoor,partial,partial,Y,Y,Y,online,,,,Multi-sport program — candidate listing pending editor outreach.,قيد المراجعة,Confirm age bands and trial-class availability before enrolling.,placeholder,3,N,editorial seed — verify before publish
qf-sports-club-kids,QF Sports Club Kids,قيد المراجعة,class-sports,multi-sport,Education City,Education City,36,168,mid,Per-term or per-session; confirming,indoor,partial,partial,Y,Y,Y,online,,,,Multi-sport program — candidate listing pending editor outreach.,قيد المراجعة,Confirm age bands and trial-class availability before enrolling.,placeholder,3,N,editorial seed — verify before publish
qatar-tennis-federation-junior,QTF Junior Tennis,قيد المراجعة,class-sports,tennis,Aspire,Khalifa Tennis Complex,36,168,mid,Per-term or per-session; confirming,indoor,partial,partial,Y,Y,Y,online,,,,Tennis program — candidate listing pending editor outreach.,قيد المراجعة,Confirm age bands and trial-class availability before enrolling.,placeholder,3,N,editorial seed — verify before publish
emerald-football-academy,Emerald Football Academy,قيد المراجعة,class-sports,football,Al Waab,Al Waab,36,168,mid,Per-term or per-session; confirming,outdoor,partial,partial,Y,Y,Y,online,,,,Football program — candidate listing pending editor outreach.,قيد المراجعة,Confirm age bands and trial-class availability before enrolling.,placeholder,3,N,editorial seed — verify before publish
doha-football-academy,Doha Football Academy,قيد المراجعة,class-sports,football,Al Sadd,Al Sadd,36,168,mid,Per-term or per-session; confirming,outdoor,partial,partial,Y,Y,Y,online,,,,Football program — candidate listing pending editor outreach.,قيد المراجعة,Confirm age bands and trial-class availability before enrolling.,placeholder,3,N,editorial seed — verify before publish
barca-academy-qa,Barça Academy Qatar,قيد المراجعة,class-sports,football,Aspire,Aspire,36,168,mid,Per-term or per-session; confirming,outdoor,partial,partial,Y,Y,Y,online,,,,Football program — candidate listing pending editor outreach.,قيد المراجعة,Confirm age bands and trial-class availability before enrolling.,placeholder,3,N,editorial seed — verify before publish
qatar-swim-academy,Qatar Swim Academy,قيد المراجعة,swim,swim,Al Sadd,Al Sadd,36,168,mid,Per-term or per-session; confirming,indoor,Y,partial,Y,Y,Y,online,,,,Swim program — candidate listing pending editor outreach.,قيد المراجعة,Confirm age bands and trial-class availability before enrolling.,placeholder,3,N,editorial seed — verify before publish
aquakids-qa,AquaKids Qatar,قيد المراجعة,swim,swim,The Pearl,Porto Arabia,36,168,mid,Per-term or per-session; confirming,indoor,Y,partial,Y,Y,Y,online,,,,Swim program — candidate listing pending editor outreach.,قيد المراجعة,Confirm age bands and trial-class availability before enrolling.,placeholder,3,N,editorial seed — verify before publish
splash-swim-school,Splash Swim School,قيد المراجعة,swim,swim,Al Dafna,Al Dafna,36,168,mid,Per-term or per-session; confirming,indoor,Y,partial,Y,Y,Y,online,,,,Swim program — candidate listing pending editor outreach.,قيد المراجعة,Confirm age bands and trial-class availability before enrolling.,placeholder,3,N,editorial seed — verify before publish
happy-fish-swim,Happy Fish Swim,قيد المراجعة,swim,swim,Al Rayyan,Al Rayyan,36,168,mid,Per-term or per-session; confirming,indoor,Y,partial,Y,Y,Y,online,,,,Swim program — candidate listing pending editor outreach.,قيد المراجعة,Confirm age bands and trial-class availability before enrolling.,placeholder,3,N,editorial seed — verify before publish
doha-golf-club-juniors,Doha Golf Club Juniors,قيد المراجعة,class-sports,golf,West Bay,Doha Golf Club,36,168,mid,Per-term or per-session; confirming,indoor,partial,partial,Y,Y,Y,online,,,,Golf program — candidate listing pending editor outreach.,قيد المراجعة,Confirm age bands and trial-class availability before enrolling.,placeholder,3,N,editorial seed — verify before publish
kids-tennis-qa,Kids Tennis Qatar,قيد المراجعة,class-sports,tennis,West Bay,West Bay,36,168,mid,Per-term or per-session; confirming,indoor,partial,partial,Y,Y,Y,online,,,,Tennis program — candidate listing pending editor outreach.,قيد المراجعة,Confirm age bands and trial-class availability before enrolling.,placeholder,3,N,editorial seed — verify before publish
racquet-kids,Racquet Kids,قيد المراجعة,class-sports,tennis & squash,Al Sadd,Al Sadd,36,168,mid,Per-term or per-session; confirming,indoor,partial,partial,Y,Y,Y,online,,,,Tennis & squash program — candidate listing pending editor outreach.,قيد المراجعة,Confirm age bands and trial-class availability before enrolling.,placeholder,3,N,editorial seed — verify before publish
doha-gymnastics,Doha Gymnastics,قيد المراجعة,class-sports,gymnastics,Al Waab,Al Waab,36,168,mid,Per-term or per-session; confirming,indoor,partial,partial,Y,Y,Y,online,,,,Gymnastics program — candidate listing pending editor outreach.,قيد المراجعة,Confirm age bands and trial-class availability before enrolling.,placeholder,3,N,editorial seed — verify before publish
little-gym-qa,The Little Gym Qatar,قيد المراجعة,class-sports,gymnastics,The Pearl,Medina Centrale,36,168,mid,Per-term or per-session; confirming,indoor,partial,partial,Y,Y,Y,online,,,,Gymnastics program — candidate listing pending editor outreach.,قيد المراجعة,Confirm age bands and trial-class availability before enrolling.,placeholder,3,N,editorial seed — verify before publish
martial-arts-academy-qa,Martial Arts Academy Qatar,قيد المراجعة,class-sports,karate & jiu-jitsu,Al Sadd,Al Sadd,36,168,mid,Per-term or per-session; confirming,indoor,partial,partial,Y,Y,Y,online,,,,Karate & jiu-jitsu program — candidate listing pending editor outreach.,قيد المراجعة,Confirm age bands and trial-class availability before enrolling.,placeholder,3,N,editorial seed — verify before publish
karate-kids-qa,Karate Kids Qatar,قيد المراجعة,class-sports,karate,Gharrafa,Gharrafa,36,168,mid,Per-term or per-session; confirming,indoor,partial,partial,Y,Y,Y,online,,,,Karate program — candidate listing pending editor outreach.,قيد المراجعة,Confirm age bands and trial-class availability before enrolling.,placeholder,3,N,editorial seed — verify before publish
taekwondo-academy-qa,Taekwondo Academy Qatar,قيد المراجعة,class-sports,taekwondo,Al Rayyan,Al Rayyan,36,168,mid,Per-term or per-session; confirming,indoor,partial,partial,Y,Y,Y,online,,,,Taekwondo program — candidate listing pending editor outreach.,قيد المراجعة,Confirm age bands and trial-class availability before enrolling.,placeholder,3,N,editorial seed — verify before publish
doha-pony-club,Doha Pony Club,قيد المراجعة,class-sports,horse riding,Al Khor,Al Khor,36,168,mid,Per-term or per-session; confirming,indoor,partial,partial,Y,Y,Y,online,,,,Horse riding program — candidate listing pending editor outreach.,قيد المراجعة,Confirm age bands and trial-class availability before enrolling.,placeholder,3,N,editorial seed — verify before publish
al-shaqab-junior,Al Shaqab Junior Equestrian,قيد المراجعة,class-sports,horse riding,Education City,Al Shaqab,36,168,mid,Per-term or per-session; confirming,indoor,partial,partial,Y,Y,Y,online,,,,Horse riding program — candidate listing pending editor outreach.,قيد المراجعة,Confirm age bands and trial-class availability before enrolling.,placeholder,3,N,editorial seed — verify before publish
qatar-basketball-academy,Qatar Basketball Academy,قيد المراجعة,class-sports,basketball,Aspire,Aspire,36,168,mid,Per-term or per-session; confirming,indoor,partial,partial,Y,Y,Y,online,,,,Basketball program — candidate listing pending editor outreach.,قيد المراجعة,Confirm age bands and trial-class availability before enrolling.,placeholder,3,N,editorial seed — verify before publish
hoops-qa,Hoops Qatar,قيد المراجعة,class-sports,basketball,The Pearl,The Pearl,36,168,mid,Per-term or per-session; confirming,indoor,partial,partial,Y,Y,Y,online,,,,Basketball program — candidate listing pending editor outreach.,قيد المراجعة,Confirm age bands and trial-class availability before enrolling.,placeholder,3,N,editorial seed — verify before publish
skate-qatar-juniors,Skate Qatar Juniors,قيد المراجعة,class-sports,skateboarding,Corniche,Al Bidda skate park,36,168,mid,Per-term or per-session; confirming,indoor,partial,partial,Y,Y,Y,online,,,,Skateboarding program — candidate listing pending editor outreach.,قيد المراجعة,Confirm age bands and trial-class availability before enrolling.,placeholder,3,N,editorial seed — verify before publish
bmx-doha-juniors,BMX Doha Juniors,قيد المراجعة,class-sports,BMX,Corniche,Al Bidda pump track,36,168,mid,Per-term or per-session; confirming,indoor,partial,partial,Y,Y,Y,online,,,,Bmx program — candidate listing pending editor outreach.,قيد المراجعة,Confirm age bands and trial-class availability before enrolling.,placeholder,3,N,editorial seed — verify before publish
parkour-academy-qa,Parkour Academy Qatar,قيد المراجعة,class-sports,parkour,Aspire,Aspire area,36,168,mid,Per-term or per-session; confirming,indoor,partial,partial,Y,Y,Y,online,,,,Parkour program — candidate listing pending editor outreach.,قيد المراجعة,Confirm age bands and trial-class availability before enrolling.,placeholder,3,N,editorial seed — verify before publish
al-thakira-mangroves,Al Thakira Mangroves,قيد المراجعة,nature,mangrove kayaking,Al Khor,Al Thakira coast,0,0,free,Free access; kayak rentals ~QAR 100,outdoor,N,partial,unknown,unknown,Y,walk-in,,,,"Mangrove kayaking — verify access, hours and safety conditions before the drive.",قيد المراجعة,"Remote site — bring water, sun protection, and phone coverage offline maps.",verifying,3,N,editorial seed — verify before publish
khor-al-adaid,Khor Al Adaid Inland Sea,قيد المراجعة,nature,desert & inland sea,Southern Qatar,Inland Sea — 4x4 access,0,0,verifying,Tour required; QAR 250+ per adult,outdoor,N,partial,unknown,unknown,Y,online,,,,"Desert & inland sea — verify access, hours and safety conditions before the drive.",قيد المراجعة,"Remote site — bring water, sun protection, and phone coverage offline maps.",verifying,3,N,editorial seed — verify before publish
sealine-beach,Sealine Beach Resort,قيد المراجعة,beach,desert resort,Southern Qatar,Sealine,0,0,mid,Day pass from QAR 100 per adult,outdoor,N,partial,unknown,unknown,Y,online,,,,"Desert resort — verify access, hours and safety conditions before the drive.",قيد المراجعة,"Remote site — bring water, sun protection, and phone coverage offline maps.",verifying,2,N,editorial seed — verify before publish
fuwairit-beach,Fuwairit Beach,قيد المراجعة,beach,turtle nesting beach,Al Khor,Fuwairit village,0,0,free,Free,outdoor,N,partial,unknown,unknown,Y,walk-in,,,,"Turtle nesting beach — verify access, hours and safety conditions before the drive.",قيد المراجعة,"Remote site — bring water, sun protection, and phone coverage offline maps.",verifying,2,N,editorial seed — verify before publish
ras-abu-aboud-park,Ras Abu Aboud 974 Park,قيد المراجعة,park,waterfront park,Ras Abu Aboud,Ras Abu Aboud,0,0,free,Free,outdoor,N,partial,unknown,unknown,Y,walk-in,,,,"Waterfront park — verify access, hours and safety conditions before the drive.",قيد المراجعة,"Remote site — bring water, sun protection, and phone coverage offline maps.",verifying,3,N,editorial seed — verify before publish
umm-al-amad,Umm Al Amad Farm,قيد المراجعة,farm,dairy farm visits,Al Khor,North Qatar,0,0,verifying,Booking required,outdoor,N,partial,unknown,unknown,Y,online,,,,"Dairy farm visits — verify access, hours and safety conditions before the drive.",قيد المراجعة,"Remote site — bring water, sun protection, and phone coverage offline maps.",verifying,3,N,editorial seed — verify before publish
al-shahaniya-camel,Al Shahaniya Camel Track,قيد المراجعة,farm,camel racing,Al Rayyan,Al Shahaniya,0,0,free,Free to watch,outdoor,N,partial,unknown,unknown,Y,walk-in,,,,"Camel racing — verify access, hours and safety conditions before the drive.",قيد المراجعة,"Remote site — bring water, sun protection, and phone coverage offline maps.",verifying,3,N,editorial seed — verify before publish
zekreet,Zekreet Peninsula,قيد المراجعة,nature,desert rock formations,Dukhan,West coast,0,0,free,Free; 4x4 advised,outdoor,N,partial,unknown,unknown,Y,walk-in,,,,"Desert rock formations — verify access, hours and safety conditions before the drive.",قيد المراجعة,"Remote site — bring water, sun protection, and phone coverage offline maps.",verifying,3,N,editorial seed — verify before publish
purple-island,Purple Island (Al Khor),قيد المراجعة,nature,mangrove walk,Al Khor,Al Khor coast,0,0,free,Free,outdoor,N,partial,unknown,unknown,Y,walk-in,,,,"Mangrove walk — verify access, hours and safety conditions before the drive.",قيد المراجعة,"Remote site — bring water, sun protection, and phone coverage offline maps.",verifying,3,N,editorial seed — verify before publish
heenat-salma-farm,Heenat Salma Farm,قيد المراجعة,farm,organic farm stay,Al Rayyan,Al Kheesa,0,0,mid,Day visits from QAR 100,outdoor,N,partial,unknown,unknown,Y,online,,,,"Organic farm stay — verify access, hours and safety conditions before the drive.",قيد المراجعة,"Remote site — bring water, sun protection, and phone coverage offline maps.",verifying,3,N,editorial seed — verify before publish
education-city-farm,Education City Farm Tours,قيد المراجعة,farm,schools programme,Education City,QF Farm,0,0,verifying,Programme-based,outdoor,N,partial,unknown,unknown,Y,online,,,,"Schools programme — verify access, hours and safety conditions before the drive.",قيد المراجعة,"Remote site — bring water, sun protection, and phone coverage offline maps.",verifying,3,N,editorial seed — verify before publish
qatar-zoo-planned,Qatar Zoo (reopening),قيد المراجعة,zoo-aquarium,zoo,Al Rayyan,Al Rayyan — verify open status,0,0,verifying,Confirming,outdoor,N,partial,unknown,unknown,Y,online,,,,"Zoo — verify access, hours and safety conditions before the drive.",قيد المراجعة,"Remote site — bring water, sun protection, and phone coverage offline maps.",verifying,3,N,editorial seed — verify before publish
desert-falcons-centre,Falcon Centre Souq Waqif,قيد المراجعة,zoo-aquarium,falconry,Msheireb,Souq Waqif,0,0,free,Free to look,outdoor,N,partial,unknown,unknown,Y,walk-in,,,,"Falconry — verify access, hours and safety conditions before the drive.",قيد المراجعة,"Remote site — bring water, sun protection, and phone coverage offline maps.",verifying,3,N,editorial seed — verify before publish
barzan-towers,Barzan Towers Park,قيد المراجعة,park,heritage park,Umm Salal,Umm Salal Mohammed,0,0,free,Free,outdoor,N,partial,unknown,unknown,Y,walk-in,,,,"Heritage park — verify access, hours and safety conditions before the drive.",قيد المراجعة,"Remote site — bring water, sun protection, and phone coverage offline maps.",verifying,3,N,editorial seed — verify before publish
al-karaana-lagoon,Al Karaana Lagoon,قيد المراجعة,nature,wetland,Southern Qatar,Al Karaana,0,0,free,Free; 4x4 recommended,outdoor,N,partial,unknown,unknown,Y,walk-in,,,,"Wetland — verify access, hours and safety conditions before the drive.",قيد المراجعة,"Remote site — bring water, sun protection, and phone coverage offline maps.",verifying,3,N,editorial seed — verify before publish
party-pod-pearl,Party Pod Pearl,قيد المراجعة,birthday-venue,party venue,The Pearl,Porto Arabia,24,144,high,Package pricing; confirming,indoor,Y,Y,Y,Y,Y,phone,,,,Birthday party venue / planner — candidate listing pending editor outreach.,قيد المراجعة,"Ask about deposit, cancellation window, and catering minimums.",placeholder,3,N,editorial seed — verify before publish
celebrate-doha,Celebrate Doha,قيد المراجعة,birthday-venue,party venue,Al Waab,Al Waab,24,144,high,Package pricing; confirming,indoor,Y,Y,Y,Y,Y,phone,,,,Birthday party venue / planner — candidate listing pending editor outreach.,قيد المراجعة,"Ask about deposit, cancellation window, and catering minimums.",placeholder,3,N,editorial seed — verify before publish
magic-kingdom-events,Magic Kingdom Events,قيد المراجعة,birthday-venue,party venue,West Bay,West Bay,24,144,high,Package pricing; confirming,indoor,Y,Y,Y,Y,Y,phone,,,,Birthday party venue / planner — candidate listing pending editor outreach.,قيد المراجعة,"Ask about deposit, cancellation window, and catering minimums.",placeholder,3,N,editorial seed — verify before publish
birthday-box-qa,The Birthday Box,قيد المراجعة,birthday-venue,party venue,Al Sadd,Al Sadd,24,144,high,Package pricing; confirming,indoor,Y,Y,Y,Y,Y,phone,,,,Birthday party venue / planner — candidate listing pending editor outreach.,قيد المراجعة,"Ask about deposit, cancellation window, and catering minimums.",placeholder,3,N,editorial seed — verify before publish
event-stars-qa,Event Stars Qatar,قيد المراجعة,birthday-venue,party venue,Al Rayyan,Al Rayyan,24,144,high,Package pricing; confirming,indoor,Y,Y,Y,Y,Y,phone,,,,Birthday party venue / planner — candidate listing pending editor outreach.,قيد المراجعة,"Ask about deposit, cancellation window, and catering minimums.",placeholder,3,N,editorial seed — verify before publish
moments-parties,Moments Kids Parties,قيد المراجعة,birthday-venue,party venue,Gharrafa,Gharrafa,24,144,high,Package pricing; confirming,indoor,Y,Y,Y,Y,Y,phone,,,,Birthday party venue / planner — candidate listing pending editor outreach.,قيد المراجعة,"Ask about deposit, cancellation window, and catering minimums.",placeholder,3,N,editorial seed — verify before publish
carnival-kids-qa,Carnival Kids,قيد المراجعة,birthday-venue,party venue,Duhail,Duhail,24,144,high,Package pricing; confirming,indoor,Y,Y,Y,Y,Y,phone,,,,Birthday party venue / planner — candidate listing pending editor outreach.,قيد المراجعة,"Ask about deposit, cancellation window, and catering minimums.",placeholder,3,N,editorial seed — verify before publish
pearl-party-venue,Pearl Party Venue,قيد المراجعة,birthday-venue,party venue,The Pearl,Medina Centrale,24,144,high,Package pricing; confirming,indoor,Y,Y,Y,Y,Y,phone,,,,Birthday party venue / planner — candidate listing pending editor outreach.,قيد المراجعة,"Ask about deposit, cancellation window, and catering minimums.",placeholder,3,N,editorial seed — verify before publish
lusail-celebrations,Lusail Celebrations,قيد المراجعة,birthday-venue,party venue,Lusail,Lusail Marina,24,144,high,Package pricing; confirming,indoor,Y,Y,Y,Y,Y,phone,,,,Birthday party venue / planner — candidate listing pending editor outreach.,قيد المراجعة,"Ask about deposit, cancellation window, and catering minimums.",placeholder,3,N,editorial seed — verify before publish
the-party-shop-qa,The Party Shop Qatar,قيد المراجعة,birthday-venue,party venue,Al Sadd,Al Sadd,24,144,high,Package pricing; confirming,indoor,Y,Y,Y,Y,Y,phone,,,,Birthday party venue / planner — candidate listing pending editor outreach.,قيد المراجعة,"Ask about deposit, cancellation window, and catering minimums.",placeholder,3,N,editorial seed — verify before publish
mamig-pearl,Mamig Pearl,قيد المراجعة,restaurant-family,Armenian / family,The Pearl,The Pearl,0,0,mid,Mid; main ~QAR 50–90,indoor,Y,Y,Y,Y,Y,online,,,,Restaurant with kid menu / family-friendly layout — candidate listing pending editor visit.,قيد المراجعة,Confirm high-chair availability and allergen handling before booking.,placeholder,3,N,editorial seed — verify before publish
evergreen-organics-pearl,Evergreen Organics,قيد المراجعة,restaurant-family,"vegan, kid menu",The Pearl,The Pearl,0,0,mid,Mid; main ~QAR 50–90,indoor,Y,Y,Y,Y,Y,online,,,,Restaurant with kid menu / family-friendly layout — candidate listing pending editor visit.,قيد المراجعة,Confirm high-chair availability and allergen handling before booking.,placeholder,3,N,editorial seed — verify before publish
paper-moon-west-bay,Paper Moon,قيد المراجعة,restaurant-family,Italian,West Bay,West Bay,0,0,mid,Mid; main ~QAR 50–90,indoor,Y,Y,Y,Y,Y,online,,,,Restaurant with kid menu / family-friendly layout — candidate listing pending editor visit.,قيد المراجعة,Confirm high-chair availability and allergen handling before booking.,placeholder,3,N,editorial seed — verify before publish
diners-doha-pearl,Diners Doha,قيد المراجعة,restaurant-family,American diner,The Pearl,The Pearl,0,0,mid,Mid; main ~QAR 50–90,indoor,Y,Y,Y,Y,Y,online,,,,Restaurant with kid menu / family-friendly layout — candidate listing pending editor visit.,قيد المراجعة,Confirm high-chair availability and allergen handling before booking.,placeholder,3,N,editorial seed — verify before publish
the-cheesecake-factory-doha,The Cheesecake Factory,قيد المراجعة,restaurant-family,American,West Bay,West Bay,0,0,mid,Mid; main ~QAR 50–90,indoor,Y,Y,Y,Y,Y,online,,,,Restaurant with kid menu / family-friendly layout — candidate listing pending editor visit.,قيد المراجعة,Confirm high-chair availability and allergen handling before booking.,placeholder,3,N,editorial seed — verify before publish
al-mourjan-corniche,Al Mourjan,قيد المراجعة,restaurant-family,Lebanese with sea view,Corniche,Corniche,0,0,mid,Mid; main ~QAR 50–90,indoor,Y,Y,Y,Y,Y,online,,,,Restaurant with kid menu / family-friendly layout — candidate listing pending editor visit.,قيد المراجعة,Confirm high-chair availability and allergen handling before booking.,placeholder,3,N,editorial seed — verify before publish
jones-the-grocer-pearl,Jones the Grocer,قيد المراجعة,restaurant-family,café & family brunch,The Pearl,The Pearl,0,0,mid,Mid; main ~QAR 50–90,indoor,Y,Y,Y,Y,Y,online,,,,Restaurant with kid menu / family-friendly layout — candidate listing pending editor visit.,قيد المراجعة,Confirm high-chair availability and allergen handling before booking.,placeholder,3,N,editorial seed — verify before publish
parisa-souq-waqif,Parisa Souq Waqif,قيد المراجعة,restaurant-family,Persian,Msheireb,Msheireb,0,0,mid,Mid; main ~QAR 50–90,indoor,Y,Y,Y,Y,Y,online,,,,Restaurant with kid menu / family-friendly layout — candidate listing pending editor visit.,قيد المراجعة,Confirm high-chair availability and allergen handling before booking.,placeholder,3,N,editorial seed — verify before publish
al-mana-hospitality-villaggio,The Café @ Villaggio,قيد المراجعة,restaurant-family,kid-menu café,Al Rayyan,Al Rayyan,0,0,mid,Mid; main ~QAR 50–90,indoor,Y,Y,Y,Y,Y,online,,,,Restaurant with kid menu / family-friendly layout — candidate listing pending editor visit.,قيد المراجعة,Confirm high-chair availability and allergen handling before booking.,placeholder,3,N,editorial seed — verify before publish
izu-pearl,Izu Pearl,قيد المراجعة,restaurant-family,brunch,The Pearl,The Pearl,0,0,mid,Mid; main ~QAR 50–90,indoor,Y,Y,Y,Y,Y,online,,,,Restaurant with kid menu / family-friendly layout — candidate listing pending editor visit.,قيد المراجعة,Confirm high-chair availability and allergen handling before booking.,placeholder,3,N,editorial seed — verify before publish
kebab-queens-west-bay,Kebab Queens,قيد المراجعة,restaurant-family,kebabs,West Bay,West Bay,0,0,mid,Mid; main ~QAR 50–90,indoor,Y,Y,Y,Y,Y,online,,,,Restaurant with kid menu / family-friendly layout — candidate listing pending editor visit.,قيد المراجعة,Confirm high-chair availability and allergen handling before booking.,placeholder,3,N,editorial seed — verify before publish
shakespeare-and-co-lusail,Shakespeare & Co.,قيد المراجعة,restaurant-family,café,Lusail,Lusail,0,0,mid,Mid; main ~QAR 50–90,indoor,Y,Y,Y,Y,Y,online,,,,Restaurant with kid menu / family-friendly layout — candidate listing pending editor visit.,قيد المراجعة,Confirm high-chair availability and allergen handling before booking.,placeholder,3,N,editorial seed — verify before publish
burger-boutique-doha-fc,Burger Boutique,قيد المراجعة,restaurant-family,burgers,Umm Salal,Umm Salal,0,0,mid,Mid; main ~QAR 50–90,indoor,Y,Y,Y,Y,Y,online,,,,Restaurant with kid menu / family-friendly layout — candidate listing pending editor visit.,قيد المراجعة,Confirm high-chair availability and allergen handling before booking.,placeholder,3,N,editorial seed — verify before publish
emmawash-traditional-restaurant,Emmawash Traditional Restaurant,قيد المراجعة,restaurant-family,Khaleeji,Old Airport,Old Airport,0,0,mid,Mid; main ~QAR 50–90,indoor,Y,Y,Y,Y,Y,online,,,,Restaurant with kid menu / family-friendly layout — candidate listing pending editor visit.,قيد المراجعة,Confirm high-chair availability and allergen handling before booking.,placeholder,3,N,editorial seed — verify before publish
brew-and-biscuit-pearl,Brew & Biscuit,قيد المراجعة,restaurant-family,café with kids area,The Pearl,The Pearl,0,0,mid,Mid; main ~QAR 50–90,indoor,Y,Y,Y,Y,Y,online,,,,Restaurant with kid menu / family-friendly layout — candidate listing pending editor visit.,قيد المراجعة,Confirm high-chair availability and allergen handling before booking.,placeholder,3,N,editorial seed — verify before publish
swim-doha-pool-1,Hamad Aquatic Centre (Public Swim),قيد المراجعة,swim,public swimming,Aspire,Aspire,6,168,mid,Per-session or term; confirming,indoor,Y,partial,Y,Y,Y,online,,,,Swim programme / pool — candidate listing pending editor visit.,قيد المراجعة,"Confirm lesson ratio, change room setup and lifeguard cover.",placeholder,3,N,editorial seed — verify before publish
swim-doha-pool-2,Khalifa Aquatic Complex (Public Session),قيد المراجعة,swim,public swimming,Aspire,Aspire,6,168,mid,Per-session or term; confirming,indoor,Y,partial,Y,Y,Y,online,,,,Swim programme / pool — candidate listing pending editor visit.,قيد المراجعة,"Confirm lesson ratio, change room setup and lifeguard cover.",placeholder,3,N,editorial seed — verify before publish
swim-school-rayyan,Rayyan Swim School,قيد المراجعة,swim,lessons,Al Rayyan,Al Rayyan,6,168,mid,Per-session or term; confirming,indoor,Y,partial,Y,Y,Y,online,,,,Swim programme / pool — candidate listing pending editor visit.,قيد المراجعة,"Confirm lesson ratio, change room setup and lifeguard cover.",placeholder,3,N,editorial seed — verify before publish
swim-school-duhail,Duhail Swim School,قيد المراجعة,swim,lessons,Duhail,Duhail,6,168,mid,Per-session or term; confirming,indoor,Y,partial,Y,Y,Y,online,,,,Swim programme / pool — candidate listing pending editor visit.,قيد المراجعة,"Confirm lesson ratio, change room setup and lifeguard cover.",placeholder,3,N,editorial seed — verify before publish
swim-coach-pearl,Private Swim Coaching Pearl,قيد المراجعة,swim,private lessons,The Pearl,The Pearl,6,168,mid,Per-session or term; confirming,indoor,Y,partial,Y,Y,Y,online,,,,Swim programme / pool — candidate listing pending editor visit.,قيد المراجعة,"Confirm lesson ratio, change room setup and lifeguard cover.",placeholder,3,N,editorial seed — verify before publish
swim-coach-lusail,Private Swim Coaching Lusail,قيد المراجعة,swim,private lessons,Lusail,Lusail,6,168,mid,Per-session or term; confirming,indoor,Y,partial,Y,Y,Y,online,,,,Swim programme / pool — candidate listing pending editor visit.,قيد المراجعة,"Confirm lesson ratio, change room setup and lifeguard cover.",placeholder,3,N,editorial seed — verify before publish
water-world-qa,Water World Doha,قيد المراجعة,swim,water park,Al Rayyan,Al Rayyan,6,168,mid,Per-session or term; confirming,indoor,Y,partial,Y,Y,Y,online,,,,Swim programme / pool — candidate listing pending editor visit.,قيد المراجعة,"Confirm lesson ratio, change room setup and lifeguard cover.",placeholder,3,N,editorial seed — verify before publish
desert-falls-resort,Desert Falls Water Park,قيد المراجعة,swim,water park,Al Rayyan,Al Rayyan,6,168,mid,Per-session or term; confirming,indoor,Y,partial,Y,Y,Y,online,,,,Swim programme / pool — candidate listing pending editor visit.,قيد المراجعة,"Confirm lesson ratio, change room setup and lifeguard cover.",placeholder,3,N,editorial seed — verify before publish
maltese-cross-swim,Maltese Cross Swim,قيد المراجعة,swim,lessons,Al Sadd,Al Sadd,6,168,mid,Per-session or term; confirming,indoor,Y,partial,Y,Y,Y,online,,,,Swim programme / pool — candidate listing pending editor visit.,قيد المراجعة,"Confirm lesson ratio, change room setup and lifeguard cover.",placeholder,3,N,editorial seed — verify before publish
aqua-pearl-qa,AquaPearl,قيد المراجعة,swim,lessons & squad,The Pearl,The Pearl,6,168,mid,Per-session or term; confirming,indoor,Y,partial,Y,Y,Y,online,,,,Swim programme / pool — candidate listing pending editor visit.,قيد المراجعة,"Confirm lesson ratio, change room setup and lifeguard cover.",placeholder,3,N,editorial seed — verify before publish
tiny-fish-swim,Tiny Fish Baby Swim,قيد المراجعة,swim,baby swim,Al Dafna,Al Dafna,6,168,mid,Per-session or term; confirming,indoor,Y,partial,Y,Y,Y,online,,,,Swim programme / pool — candidate listing pending editor visit.,قيد المراجعة,"Confirm lesson ratio, change room setup and lifeguard cover.",placeholder,3,N,editorial seed — verify before publish
mermaid-school-doha,Mermaid School Doha,قيد المراجعة,swim,novelty swim,The Pearl,The Pearl,6,168,mid,Per-session or term; confirming,indoor,Y,partial,Y,Y,Y,online,,,,Swim programme / pool — candidate listing pending editor visit.,قيد المراجعة,"Confirm lesson ratio, change room setup and lifeguard cover.",placeholder,3,N,editorial seed — verify before publish
education-city-mosque,Education City Mosque,قيد المراجعة,museum,cultural,Education City,Education City,60,0,free,Free,indoor,Y,Y,Y,Y,Y,walk-in,,,,Free indoor cultural / heritage space — verify kids’ programming.,قيد المراجعة,Some cultural sites expect quiet; brief younger kids before arrival.,verifying,3,N,editorial seed — verify before publish
msheireb-tram-ride,Msheireb Tram (free ride),قيد المراجعة,museum,activity,Msheireb,Downtown Doha,60,0,free,Free,indoor,Y,Y,Y,Y,Y,walk-in,,,,Free indoor cultural / heritage space — verify kids’ programming.,قيد المراجعة,Some cultural sites expect quiet; brief younger kids before arrival.,verifying,3,N,editorial seed — verify before publish
qf-innovation-center-kids,QF Innovation Center Kids,قيد المراجعة,museum,exhibition,Education City,Education City,60,0,free,Free,indoor,Y,Y,Y,Y,Y,walk-in,,,,Free indoor cultural / heritage space — verify kids’ programming.,قيد المراجعة,Some cultural sites expect quiet; brief younger kids before arrival.,verifying,3,N,editorial seed — verify before publish
al-riwaq-gallery,Al Riwaq Gallery,قيد المراجعة,library,art gallery,Corniche,MIA Park side,60,0,free,Free,indoor,Y,Y,Y,Y,Y,walk-in,,,,Free indoor cultural / heritage space — verify kids’ programming.,قيد المراجعة,Some cultural sites expect quiet; brief younger kids before arrival.,verifying,3,N,editorial seed — verify before publish
fire-station-gallery,Fire Station Gallery,قيد المراجعة,library,art gallery,Msheireb,Fire Station,60,0,free,Free,indoor,Y,Y,Y,Y,Y,walk-in,,,,Free indoor cultural / heritage space — verify kids’ programming.,قيد المراجعة,Some cultural sites expect quiet; brief younger kids before arrival.,verifying,3,N,editorial seed — verify before publish
building-21-gallery,Building 21 (Katara),قيد المراجعة,library,art gallery,Katara,Katara,60,0,free,Free,indoor,Y,Y,Y,Y,Y,walk-in,,,,Free indoor cultural / heritage space — verify kids’ programming.,قيد المراجعة,Some cultural sites expect quiet; brief younger kids before arrival.,verifying,3,N,editorial seed — verify before publish
doha-fort,Doha Fort,قيد المراجعة,museum,heritage,Corniche,Near Souq Waqif,60,0,free,Free,indoor,Y,Y,Y,Y,Y,walk-in,,,,Free indoor cultural / heritage space — verify kids’ programming.,قيد المراجعة,Some cultural sites expect quiet; brief younger kids before arrival.,verifying,3,N,editorial seed — verify before publish
al-zubarah-fort,Al Zubarah Fort,قيد المراجعة,museum,heritage,Al Khor,Northwest Qatar,60,0,free,Free,indoor,Y,Y,Y,Y,Y,walk-in,,,,Free indoor cultural / heritage space — verify kids’ programming.,قيد المراجعة,Some cultural sites expect quiet; brief younger kids before arrival.,verifying,3,N,editorial seed — verify before publish
qatar-summer-festival,Qatar Summer Festival,قيد المراجعة,seasonal,seasonal festival,Corniche,June–August,0,0,free,Free to low; varies by event,mixed,partial,Y,Y,Y,Y,walk-in,,,,Seasonal festival — refresh dates annually before promoting.,قيد المراجعة,Crowds peak at sunset; arrive early with small kids.,verifying,2,N,editorial seed — verify before publish
shop-qatar-festival,Shop Qatar Festival,قيد المراجعة,seasonal,retail + events,Multiple malls,January,0,0,free,Free to low; varies by event,mixed,partial,Y,Y,Y,Y,walk-in,,,,Retail + events — refresh dates annually before promoting.,قيد المراجعة,Crowds peak at sunset; arrive early with small kids.,verifying,2,N,editorial seed — verify before publish
ajyal-film-festival-kids,Ajyal Film Festival (Kids track),قيد المراجعة,seasonal,film festival,Katara,November,0,0,free,Free to low; varies by event,mixed,partial,Y,Y,Y,Y,walk-in,,,,Film festival — refresh dates annually before promoting.,قيد المراجعة,Crowds peak at sunset; arrive early with small kids.,verifying,2,N,editorial seed — verify before publish
darb-al-saai,Darb Al Saai National Day,قيد المراجعة,seasonal,National Day,Umm Salal,December,0,0,free,Free to low; varies by event,mixed,partial,Y,Y,Y,Y,walk-in,,,,National day — refresh dates annually before promoting.,قيد المراجعة,Crowds peak at sunset; arrive early with small kids.,verifying,2,N,editorial seed — verify before publish
geekdom-qatar,Geekdom Qatar,قيد المراجعة,seasonal,pop culture expo,DECC,Winter,0,0,free,Free to low; varies by event,mixed,partial,Y,Y,Y,Y,walk-in,,,,Pop culture expo — refresh dates annually before promoting.,قيد المراجعة,Crowds peak at sunset; arrive early with small kids.,verifying,2,N,editorial seed — verify before publish
ramadan-souq-pop-ups,Ramadan Souq Pop-ups,قيد المراجعة,seasonal,seasonal market,Various,Ramadan,0,0,free,Free to low; varies by event,mixed,partial,Y,Y,Y,Y,walk-in,,,,Seasonal market — refresh dates annually before promoting.,قيد المراجعة,Crowds peak at sunset; arrive early with small kids.,verifying,2,N,editorial seed — verify before publish
eid-funfair,Eid Funfair (Al Bidda),قيد المراجعة,seasonal,seasonal fair,Corniche,Eid Al Fitr + Eid Al Adha,0,0,free,Free to low; varies by event,mixed,partial,Y,Y,Y,Y,walk-in,,,,Seasonal fair — refresh dates annually before promoting.,قيد المراجعة,Crowds peak at sunset; arrive early with small kids.,verifying,2,N,editorial seed — verify before publish
national-sport-day,National Sport Day,قيد المراجعة,seasonal,seasonal,Multiple,Second Tuesday of February,0,0,free,Free to low; varies by event,mixed,partial,Y,Y,Y,Y,walk-in,,,,Seasonal — refresh dates annually before promoting.,قيد المراجعة,Crowds peak at sunset; arrive early with small kids.,verifying,2,N,editorial seed — verify before publish
pocket-park-185,Neighbourhood Pocket Park #185,قيد المراجعة,park,pocket park,various,confirming,0,0,free,Free,outdoor,N,Y,unknown,N,Y,walk-in,,,,Placeholder for a local neighbourhood park — editor to fill with real listing from the Ministry of Municipality roster.,قيد المراجعة,Confirm facilities before publish.,placeholder,3,N,editorial seed — verify before publish
pocket-park-186,Neighbourhood Pocket Park #186,قيد المراجعة,park,pocket park,various,confirming,0,0,free,Free,outdoor,N,Y,unknown,N,Y,walk-in,,,,Placeholder for a local neighbourhood park — editor to fill with real listing from the Ministry of Municipality roster.,قيد المراجعة,Confirm facilities before publish.,placeholder,3,N,editorial seed — verify before publish
pocket-park-187,Neighbourhood Pocket Park #187,قيد المراجعة,park,pocket park,various,confirming,0,0,free,Free,outdoor,N,Y,unknown,N,Y,walk-in,,,,Placeholder for a local neighbourhood park — editor to fill with real listing from the Ministry of Municipality roster.,قيد المراجعة,Confirm facilities before publish.,placeholder,3,N,editorial seed — verify before publish
pocket-park-188,Neighbourhood Pocket Park #188,قيد المراجعة,park,pocket park,various,confirming,0,0,free,Free,outdoor,N,Y,unknown,N,Y,walk-in,,,,Placeholder for a local neighbourhood park — editor to fill with real listing from the Ministry of Municipality roster.,قيد المراجعة,Confirm facilities before publish.,placeholder,3,N,editorial seed — verify before publish
pocket-park-189,Neighbourhood Pocket Park #189,قيد المراجعة,park,pocket park,various,confirming,0,0,free,Free,outdoor,N,Y,unknown,N,Y,walk-in,,,,Placeholder for a local neighbourhood park — editor to fill with real listing from the Ministry of Municipality roster.,قيد المراجعة,Confirm facilities before publish.,placeholder,3,N,editorial seed — verify before publish
pocket-park-190,Neighbourhood Pocket Park #190,قيد المراجعة,park,pocket park,various,confirming,0,0,free,Free,outdoor,N,Y,unknown,N,Y,walk-in,,,,Placeholder for a local neighbourhood park — editor to fill with real listing from the Ministry of Municipality roster.,قيد المراجعة,Confirm facilities before publish.,placeholder,3,N,editorial seed — verify before publish
pocket-park-191,Neighbourhood Pocket Park #191,قيد المراجعة,park,pocket park,various,confirming,0,0,free,Free,outdoor,N,Y,unknown,N,Y,walk-in,,,,Placeholder for a local neighbourhood park — editor to fill with real listing from the Ministry of Municipality roster.,قيد المراجعة,Confirm facilities before publish.,placeholder,3,N,editorial seed — verify before publish
pocket-park-192,Neighbourhood Pocket Park #192,قيد المراجعة,park,pocket park,various,confirming,0,0,free,Free,outdoor,N,Y,unknown,N,Y,walk-in,,,,Placeholder for a local neighbourhood park — editor to fill with real listing from the Ministry of Municipality roster.,قيد المراجعة,Confirm facilities before publish.,placeholder,3,N,editorial seed — verify before publish
pocket-park-193,Neighbourhood Pocket Park #193,قيد المراجعة,park,pocket park,various,confirming,0,0,free,Free,outdoor,N,Y,unknown,N,Y,walk-in,,,,Placeholder for a local neighbourhood park — editor to fill with real listing from the Ministry of Municipality roster.,قيد المراجعة,Confirm facilities before publish.,placeholder,3,N,editorial seed — verify before publish
pocket-park-194,Neighbourhood Pocket Park #194,قيد المراجعة,park,pocket park,various,confirming,0,0,free,Free,outdoor,N,Y,unknown,N,Y,walk-in,,,,Placeholder for a local neighbourhood park — editor to fill with real listing from the Ministry of Municipality roster.,قيد المراجعة,Confirm facilities before publish.,placeholder,3,N,editorial seed — verify before publish
pocket-park-195,Neighbourhood Pocket Park #195,قيد المراجعة,park,pocket park,various,confirming,0,0,free,Free,outdoor,N,Y,unknown,N,Y,walk-in,,,,Placeholder for a local neighbourhood park — editor to fill with real listing from the Ministry of Municipality roster.,قيد المراجعة,Confirm facilities before publish.,placeholder,3,N,editorial seed — verify before publish
pocket-park-196,Neighbourhood Pocket Park #196,قيد المراجعة,park,pocket park,various,confirming,0,0,free,Free,outdoor,N,Y,unknown,N,Y,walk-in,,,,Placeholder for a local neighbourhood park — editor to fill with real listing from the Ministry of Municipality roster.,قيد المراجعة,Confirm facilities before publish.,placeholder,3,N,editorial seed — verify before publish
pocket-park-197,Neighbourhood Pocket Park #197,قيد المراجعة,park,pocket park,various,confirming,0,0,free,Free,outdoor,N,Y,unknown,N,Y,walk-in,,,,Placeholder for a local neighbourhood park — editor to fill with real listing from the Ministry of Municipality roster.,قيد المراجعة,Confirm facilities before publish.,placeholder,3,N,editorial seed — verify before publish
pocket-park-198,Neighbourhood Pocket Park #198,قيد المراجعة,park,pocket park,various,confirming,0,0,free,Free,outdoor,N,Y,unknown,N,Y,walk-in,,,,Placeholder for a local neighbourhood park — editor to fill with real listing from the Ministry of Municipality roster.,قيد المراجعة,Confirm facilities before publish.,placeholder,3,N,editorial seed — verify before publish
pocket-park-199,Neighbourhood Pocket Park #199,قيد المراجعة,park,pocket park,various,confirming,0,0,free,Free,outdoor,N,Y,unknown,N,Y,walk-in,,,,Placeholder for a local neighbourhood park — editor to fill with real listing from the Ministry of Municipality roster.,قيد المراجعة,Confirm facilities before publish.,placeholder,3,N,editorial seed — verify before publish
pocket-park-200,Neighbourhood Pocket Park #200,قيد المراجعة,park,pocket park,various,confirming,0,0,free,Free,outdoor,N,Y,unknown,N,Y,walk-in,,,,Placeholder for a local neighbourhood park — editor to fill with real listing from the Ministry of Municipality roster.,قيد المراجعة,Confirm facilities before publish.,placeholder,3,N,editorial seed — verify before publish
